tag,val
Graphic Design,1383
PHP,864
Photoshop,768
Website Design,746
HTML,677
Logo Design,640
Illustrator,591
Internet Marketing,353
Mobile App Development,330
Software Architecture,294
JavaScript,288
Marketing,264
WordPress,258
MySQL,252
Video Editing,250
Social Media Marketing,246
Android,244
Content Writing,239
SEO,232
Video Services,225
Video Production,216
Illustration,212
Data Entry,212
Facebook Marketing,209
3D Modelling,200
iPhone,199
Python,194
Excel,194
After Effects,188
3D Rendering,181
Photoshop Design,181
Article Writing,181
Copywriting,168
Animation,159
CSS,156
Videography,147
Sales,143
User Interface / IA,140
Ghostwriting,134
3D Animation,131
eCommerce,131
Research,128
Research Writing,121
Building Architecture,116
Java,115
AutoCAD,115
Link Building,106
Data Processing,103
Interior Design,101
3D Design,100
Corporate Identity,99
CAD/CAM,97
Advertising,96
Editing,93
Business Analysis,93
Linux,91
C Programming,89
C# Programming,86
Brochure Design,86
Photo Editing,86
C++ Programming,81
Caricature & Cartoons,78
Twitter,75
Node.js,73
Creative Writing,71
Audio Services,68
Product Design,67
Copy Typing,66
Engineering,64
Virtual Assistant,62
Translation,62
Word,61
Leads,61
Banner Design,61
Accounting,60
Google Adwords,58
Photography,58
Electrical Engineering,56
Market Research,56
Web Search,56
3ds Max,55
Search Engine Marketing,53
Mechanical Engineering,53
Shopify,52
Electronics,52
Voice Talent,52
React.js,51
Technical Writing,51
Laravel,51
Machine Learning (ML),50
Report Writing,50
Telemarketing,49
HTML5,49
PDF,48
Data Mining,47
System Admin,46
Business Plans,46
Solidworks,45
T-Shirts,45
Icon Design,45
Home Design,45
Finance,45
Web Scraping,45
Powerpoint,43
Game Development,43
.NET,42
Audio Production,42
UX / User Experience,41
Product Descriptions,39
English (US) Translator,39
Web Hosting,39
Covers & Packaging,38
Software Testing,38
Objective C,37
iPad,37
Statistics,37
Legal Research,36
Legal,36
Amazon Web Services,35
SQL,35
Music,35
AngularJS,35
Business Cards,34
Statistical Analysis,34
Flutter,33
Game Design,33
Proofreading,33
Artificial Intelligence,32
Unity 3D,32
Article Rewriting,32
Adobe InDesign,31
Social Networking,31
Civil Engineering,30
Project Management,30
CRM,30
Figma,30
Flyer Design,30
Structural Engineering,29
Metatrader,29
Network Administration,29
Local Job,28
React Native,28
Sound Design,27
YouTube,27
Shopify Templates,27
Customer Support,27
Adobe Lightroom,26
Bookkeeping,26
Communications,26
Legal Writing,25
Testing / QA,25
Financial Research,25
Mathematics,25
WooCommerce,25
Poster Design,25
Maya,25
Manufacturing Design,24
Database Administration,24
Django,24
Blog,24
English (UK) Translator,23
Algorithm,23
Customer Service,23
Contracts,23
Website Testing,23
Fashion Design,23
Visual Basic,23
Web Security,23
Email Marketing,22
Microsoft SQL Server,22
Cryptocurrency,22
Presentations,22
Business Writing,22
Blockchain,21
Internet Research,21
Pinterest,21
Web Development,21
Intuit QuickBooks,20
Financial Analysis,20
PCB Layout,20
Computer Security,19
Book Writing,19
Microcontroller,19
Salesforce.com,19
Next.js,18
Email Handling,18
ASP.NET,18
Microsoft Office,17
Telephone Handling,17
Database Programming,17
Branding,17
Advertisement Design,17
Shopping Carts,16
Visual Arts,16
Google Analytics,16
Resumes,16
Arduino,16
Circuit Design,16
SPSS Statistics,15
Windows Server,15
Trading,15
Fiction,15
Matlab and Mathematica,15
MongoDB,14
Bulk Marketing,14
Lead Generation,14
Motion Graphics,14
Infographics,14
ERP,14
Education & Tutoring,14
R Programming Language,14
Full Stack Development,14
Content Creation,14
Instagram,14
Backend Development,14
Tax,13
Transcription,13
SAP,13
Bitcoin,13
eBay,13
UI / User Interface,13
Ubuntu,13
Linkedin,13
NoSQL Couch & Mongo,13
Blender,12
Adobe Flash,12
Call Center,12
Software Development,12
Google Firebase,12
iOS Development,12
Wix,12
Internet Security,12
Instagram Marketing,12
API,12
Typescript,12
Google Plus,12
Xero,11
Spanish Translator,11
Digital Marketing,11
API Integration,11
React.js Framework,11
Microsoft Access,11
eBooks,11
English Grammar,11
Windows Desktop,11
Medical,11
Express JS,11
Apache,11
Power BI,11
Bootstrap,11
Social Media Management,10
Swift,10
Physics,10
Creative Design,10
Usability Testing,10
Pine Script,10
PostgreSQL,10
German Translator,10
Ethereum,10
VoIP,10
Website Development,10
Website Management,10
French Translator,10
MERN Stack,10
Coding,9
Chatbot,9
Wikipedia,9
Inspections,9
Flask,9
Test Automation,9
Real Estate,9
Microsoft,9
Telegram API,9
Google Chrome,9
Web Application,9
AWS Lambda,9
Chemical Engineering,9
Wireless,9
DevOps,9
PSD to HTML,8
Google Ads,8
Product Sourcing,8
XML,8
Appointment Setting,8
ChatGPT,8
Sharepoint,8
Programming,8
Analytics,8
Tax Law,8
Cisco,8
Employment Law,8
Oracle,8
Docker,8
Medical Writing,8
Vue.js,8
Frontend Development,8
MetaTrader 4,8
DNS,8
Commercials,7
Spring Boot,7
Odoo,7
OpenAI,7
TikTok,7
Elementor,7
Solidity,7
Health,7
PayPal API,7
Mobile App Testing,7
Video Streaming,7
Shopify Development,7
Data Analysis,7
Hubspot,7
Teaching/Lecturing,7
Canva,7
Kubernetes,7
Sales Promotion,7
App Developer,7
PhoneGap,7
Manufacturing,7
Deep Learning,7
Video Post-editing,7
Nginx,7
Visual Basic for Apps,7
B2B Marketing,7
Microsoft Azure,7
Cloud Computing,7
Adobe Premiere Pro,7
Golang,6
Video Upload,6
Castilian Spanish Translator,6
English Spelling,6
Hindi Translator,6
Salesforce App Development,6
Catch Phrases,6
Kotlin,6
Drafting,6
SEO Writing,6
Google Cloud Platform,6
Zoho,6
Affiliate Marketing,6
Unreal Engine,6
Supplier Sourcing,6
Adobe Photoshop,6
Marketing Strategy,6
Database Development,6
Business Development,6
Payroll,6
Google App Engine,6
Odd Jobs,6
AJAX,6
Russian Translator,6
Ionic Framework,6
Azure,6
GitHub,6
YouTube Video Editing,6
Recruitment,6
jQuery / Prototype,6
Asterisk PBX,6
Smart Contracts,6
Rust,6
Adobe Illustrator,6
YouTube Ads,6
Data Visualization,6
Mac OS,6
VMware,5
JSON,5
Drawing Artist,5
Solana,5
VB.NET,5
Website Build,5
OCR,5
Data Warehousing,5
Patents,5
Portuguese (Brazil) Translator,5
Geolocation,5
Portuguese Translator,5
Finite Element Analysis,5
MYOB,5
SEO Auditing,5
Unity,5
Print,5
Cloudflare,5
Construction,5
Automotive,5
Stripe,5
Database Management,5
Travel Ready,5
Payment Gateway Integration,5
Automation,5
Paralegal Services,5
Computational Fluid Dynamics,5
Dthreejs,5
Pre-inspection visits,5
App Design,5
General Labor,5
Geographical Information System (GIS),5
ActionScript,5
Content Management System (CMS),4
Server,4
Pattern Making,4
Scientific Research,4
Certified Ethical Hacking,4
Metatrader 5,4
Excel Macros,4
Frames & Trusses,4
AI-Generated Video,4
Zapier,4
PowerApps,4
Google Maps API,4
Blog Writing,4
Magento,4
Mailchimp,4
RESTful,4
Format and Layout,4
OpenCV,4
AI Development,4
UML Design,4
Arabic Translator,4
BuddyPress,4
Slogans,4
Webflow,4
Plugin,4
Fastlane,4
WordPress Design,4
Concept Design,4
Script Install,4
Pitch Deck Writing,4
Procurement,4
Legal Consultation,4
Make.com,4
Keyword Research,4
Fusion 360,4
Ruby on Rails,4
Fashion Modeling,4
Amazon FBA,4
Raspberry Pi,4
J2EE,4
Management,4
WordPress Plugin,4
Assembly,4
Redux.js,4
Moodle,4
RESTful API,4
Excel VBA,4
Inventory Management,4
Autodesk Revit,4
Neural Networks,4
General Office,4
NLP,4
AI (Artificial Intelligence) HW/SW,4
Human Resources,4
Investment Research,4
Interviewing,4
Image Processing,4
Arts & Crafts,4
Watercolor Painting,4
Microsoft Exchange,4
Administrative Support,4
Reseller,4
Telegram Moderation,4
Automatic Speech Recognition,4
Web Design,4
Voice Over,4
ASP,4
Crowdfunding,4
Security,4
Time Management,4
Google Sheets,4
AI Content Creation,3
Amazon,3
Influencer Marketing,3
Microsoft 365,3
English Tutoring,3
Squarespace,3
Selenium Webdriver,3
Short Stories,3
Report Development,3
Discord API,3
Architecture,3
Medical Products,3
Character Illustration,3
MQL4,3
Technical Support,3
Local Area Networking,3
Visa / Immigration,3
Non-fungible Tokens (NFT),3
Buyer Sourcing,3
Social Video Marketing,3
SketchUp,3
Landing Pages,3
Articulate Storyline,3
Filmmaking,3
Canadian French Translator,3
Immigration Law,3
Sewing,3
Business Management,3
Hyperledger Fabric,3
AI Design,3
Press Releases,3
Google Webmaster Tools,3
Machine Learning Algorithms,3
Quality and Reliability Testing,3
CI/CD,3
White Hat SEO,3
Git,3
Book Artist,3
Acting,3
Video Ads,3
Robotics,3
Joomla,3
Business Strategy,3
Poetry,3
Microsoft PowerBI,3
Voice Artist,3
Dart,3
Content Strategy,3
Content Marketing,3
Telecommunications Engineering,3
Codeigniter,3
Zoho CRM,3
Modding,3
AI Rendering,3
Furniture Design,3
SaaS,3
Amazon App Development,3
Stable Diffusion,3
Lua,3
Stationery Design,3
CUDA,3
Generative AI,3
Bluetooth Low Energy (BLE),3
Reviews,3
Physics Tutoring,3
Immigration,3
LabVIEW,3
MVC,3
Sourcing,3
Screenwriting,3
Post-Production,3
3D Printing,3
CMS,3
LangChain,3
Microsoft Outlook,3
Financial Planning,3
Drones,3
FastAPI,3
Penetration Testing,3
Android App Development,3
Binance,3
Learning Management Systems (LMS),3
Facebook Ads,3
3D CAD,3
Android Studio,3
Sports,3
Framer,3
QlikView,3
CSS3,3
Data Scraping,3
Product Research,3
Account Management,3
Troubleshooting,3
Digital Art,3
Network Engineering,3
English Teaching,3
Google Adsense,3
Turkish Translator,3
Product Management,3
Social Media Post Design,3
Fundraising,3
Romanian Translator,3
Label Design,3
Virtual Machines,3
AI Mobile App Development,3
Property Law,3
Content Development,3
Architectural Visualization,3
Design,3
Computer Vision,3
Life Coaching,3
Large Language Models (LLMs),3
Website Optimization,3
Japanese Translator,3
User Story Writing,3
AWS Amplify,3
Tensorflow,3
Amibroker Formula Language,3
Landscape Design,3
Hadoop,3
.NET Core Web API,3
Bulgarian Translator,2
Shopping,2
Scrapy,2
Financial Markets,2
Costume Design,2
.NET Core,2
Industrial Engineering,2
Car,2
Traditional Chinese (Hong Kong),2
cPanel,2
Visual Foxpro,2
Software Documentation,2
Content Audit,2
3D Logo,2
Courses,2
Office 365,2
Retrieval-Augemented Generation,2
Customer Experience,2
Nuxt.JS,2
Web3.js,2
Machine Vision / Video Analytics,2
Personal Tax,2
Data Analytics,2
XenForo,2
Elasticsearch,2
Industrial Design,2
Pipedrive,2
Computer Repair,2
Sinhalese Translator,2
Technical Documentation,2
UNIX,2
Engineering Mathematics,2
Relational Databases,2
Reverse Engineering,2
Startup Consulting,2
BigCommerce,2
Video Broadcasting,2
Sketching,2
Pytorch,2
Dynamic 365,2
Power Automate,2
Floorplan Blueprinting,2
Lifestyle Coach,2
Fashion Consulting,2
Food Safety,2
Vectorization,2
Tableau,2
Computer Support,2
Debian,2
Training,2
MATLAB,2
2D Animation,2
Animated Video Development,2
LIMS (Laboratory Information Management System),2
Bot Development,2
AIX Administration,2
Shell Script,2
Email Campaign,2
Brand Marketing,2
Online Writing,2
Binance Smart Chain,2
Investment Management,2
Subtitles & Captions,2
GPGPU,2
Product Development,2
Storyboard,2
Color Grading,2
Sound Engineering,2
Moving,2
Fitness,2
Script Writing,2
Retail Sales,2
Building Engineering,2
Facial Recognition,2
Photoshop Coding,2
Discord,2
Microsoft Visio,2
Publishing,2
Prompt Engineering,2
Painting,2
DApps,2
WebRTC,2
Prestashop,2
Event Planning,2
Rhino 3D,2
Oracle EBS Tech Integration,2
Microservices,2
Blog Design,2
International Shipping,2
Verilog / VHDL,2
Estimation,2
App Development,2
Hair Styles,2
Hebrew Translator,2
Facebook API,2
Podcast Marketing,2
TailWind,2
LinkedIn Recruiting,2
Childrens Book Illustration,2
Symfony PHP,2
Google Search,2
Progressive Web Apps,2
Klaviyo,2
Internet of Things (IoT),2
Autodesk Fusion 360,2
PostgreSQL Programming,2
ServiceNow,2
Construction Engineering,2
LinkedIn Profile,2
Building Surveying,2
Windows API,2
Prezi,2
Facebook Verification,2
Instagram Verification,2
WHMCS,2
Perl,2
Technology,2
Google Cloud Storage,2
JavaFX,2
Urdu Translator,2
GoDaddy,2
Midjourney,2
Documentation,2
Minecraft,2
REST API,2
GenAI,2
Italian Translator,2
Legal Assistance,2
Intellectual Property Law,2
Apple Logic Pro,2
Ansys,2
Vue.js Framework,2
Audit,2
Roofing,2
Engineering Drawing,2
Newsletters,2
Page Speed Optimization,2
Core PHP,2
MEAN Stack,2
MERN,2
Image Recognition,2
Medical Translation,2
Project Management Office,2
jQuery,2
AI Image Editing,2
Construction Monitoring,2
Video Processing,2
Altium Designer,2
Social Sales,2
Grant Writing,2
Legal Analysis,2
Cryptography,2
GIF Animation,2
Instagram Ads,2
GitLab,2
Project Scheduling,2
Digital Design,2
Geotechnical Engineering,2
Car Driving,2
Virtual Reality,2
Logo Animation,2
Strategic Planning,2
SAS,2
Tether,2
Simplified Chinese Translator,2
Lighting,2
Freelance,2
Selenium,2
Swedish Translator,2
Cartography & Maps,2
RUST Programming,2
Proposal Writing,2
Public Speaking,2
Employee Training,2
Math Tutoring,2
PLC & SCADA,2
Prototype Design,2
Apple Xcode,1
Website Analytics,1
Closer,1
Business Coaching,1
Business Central,1
Google Shopping,1
Amazon Product Launch,1
Case Study Writing,1
VPS,1
ERP Software,1
Point of Sale,1
AI Chatbot Development,1
IIS,1
Shipping Container,1
Shipping,1
Hyperledger,1
Packing & Shipping,1
AI Text-to-video,1
DesignBuilder,1
Plumbing,1
Socket IO,1
History,1
Tailwind CSS,1
Google APIs,1
Water Treatment,1
Dogecoin,1
Viral Marketing,1
Visual Design,1
Tax Compliance,1
Smart Phone/Tablet Apps,1
DaVinci Resolve,1
Explainer Videos,1
Lighting Design,1
Container Transport,1
Food Delivery,1
CapCut,1
Litecoin,1
Biography Writing,1
Google Tag Management,1
Google Data Studio,1
Danish Translator,1
Visual Studio,1
Handyman,1
Brain Storming,1
FinTech,1
Segment,1
Znode,1
Azure OpenAI,1
Hugging Face,1
ChatGPT AI Integration,1
Valuation & Appraisal,1
Zendesk,1
System Administration,1
Investigative Journalism,1
Educational Research,1
AMQP,1
Classifieds Posting,1
GPT-4,1
ChatGPT Prompt,1
Large Language Model,1
Japanese Tutoring,1
GPT Vision API,1
Amazon Ads,1
Powershell,1
Object Detection,1
Business Requirement Documentation,1
Travel Writing,1
Drone Photography,1
PPC Marketing,1
PitchBook,1
Enterprise Coordination,1
F#,1
Optical Engineering,1
Drilling Engineering,1
CNC,1
Speech Synthesis,1
Helpdesk,1
Aspen HYSYS,1
System Analysis,1
Tax Accounting,1
Tax Preparation,1
Embedded Systems,1
German Tutoring,1
Academic Medicine,1
Construct 3,1
GatsbyJS,1
Domestic Cleaning,1
WPF,1
Yii,1
I2C,1
Financial Software Development,1
Security Systems,1
Beautiful AI,1
Game UI,1
x86/x64 Assembler,1
Electronic Forms,1
Counselling and Psychotherapy,1
Film Production,1
Genetic Algebra Modelling System,1
AI Content Editing,1
Oracle APEX,1
OpenSSL,1
Corporate Social Responsibility,1
Media Sales,1
Typing,1
Data Engineer,1
ETL,1
DALL-E 3,1
Economics,1
Oracle Primavera,1
Furniture,1
Physical Site Survey,1
Angular Material,1
Adobe XD,1
Decoration,1
Web Animation,1
Air Conditioning,1
Power Amplifier RF,1
Business Valuation,1
PLC,1
Windows 8,1
AutoCAD Architecture,1
Linear Programming,1
Desktop Support,1
Printer Repair,1
SAP Transformation,1
Managed Care,1
Radio Frequency,1
Electronic Design,1
Book Design,1
Visa Ready Resources,1
Article Submission,1
Data Integration,1
A/B Testing,1
Dropshipping,1
.NET 5.0/6,1
Application Performance Monitoring,1
Prometheus Monitoring,1
Model Deployment,1
HTC Vive,1
AR / VR 3D Asset,1
Augmented Reality,1
Vuforia,1
Notion,1
Forum Posting,1
A+ Certified IT Technician,1
Logistics,1
ASP.NET MVC,1
BPO,1
Software Performance Testing,1
Automation Codeless Program,1
CompTIA,1
AI Audio-to-audio,1
Cluster Computing,1
Heavy Haulage,1
Freelancer API,1
SugarCRM,1
Agile Project Management,1
Tamil Translator,1
Sales Management,1
Pattern Matching,1
Business Consulting,1
SCORM,1
Network Security,1
Game Testing,1
Email Developer,1
MuleSoft,1
Technical Drawing / Tech Pack,1
Signal Processing,1
Furniture Assembly,1
Mule,1
Document Checking,1
French Tutoring,1
2D Layout,1
Charts,1
Process Simulation,1
Cooking & Recipes,1
GIMP,1
Software Sales,1
Property Management,1
DOS,1
NetSuite,1
Inside Sales,1
Samsung,1
JMeter,1
Adobe Pagemaker,1
Contact Center Services,1
Chat Operation,1
Electron JS,1
Liquid Template,1
Process Engineering,1
Process Automation,1
AI/RPA development,1
Make Up,1
Chatbot Prompt Writing,1
CakePHP,1
Visual Effects,1
3D Visualization,1
Moho,1
GPS,1
Amazon ECS,1
backbone.js,1
Graphical User Interface (GUI),1
Software Engineering,1
Vietnamese Translator,1
Simulation,1
SOAP API,1
Java Spring,1
Personal Development,1
Programmatic Advertising,1
Aeronautical Engineering,1
Aerospace Engineering,1
Computer Science,1
Customer Retention Marketing,1
Algorithm Analysis,1
Business Plan Writing,1
Artificial Neural Network,1
AI Text-to-speech,1
Bing Ads,1
Geospatial,1
ArcGIS,1
Organizational Change Management,1
Organization Design,1
Data Management,1
Excel VB Capabilities,1
Ruby,1
Terraform,1
GCP AI,1
Figma AI,1
External Auditing,1
Wireless Sensors and Gateways,1
Informatica,1
Dall-E,1
Payment Consulting,1
Attorney,1
Interpreter,1
Nutrition,1
Facebook Pixel,1
LearnDash,1
2D Drawing,1
Big Data Sales,1
Poet,1
Asana,1
Spreadsheets,1
Etherscan,1
Manufacturing Strategy,1
Phone Support,1
Infographic and Powerpoint Slide Designing,1
Kickstarter,1
Indiegogo,1
Firmware,1
Facade Design,1
3D Scanning,1
3D Model Maker,1
Datatables,1
Microsoft Word,1
Mural Painting,1
Server to Server Facebook API Integration,1
ChatGPT-4,1
Business Intelligence,1
Big Data,1
Solutions Architecture,1
Book Cover Design,1
Korean Tutoring,1
Korean Translator,1
Package Design,1
Package,1
WMS,1
Jingles & Intros,1
Extensions & Additions,1
Music Production,1
2D Drafting,1
DotNetNuke,1
Twilio,1
Drupal,1
Calligraphy,1
Enterprise Architecture,1
Funnel,1
Ceiling Installation,1
Data Annotating,1
"Virtual Assistant Solutions (Alexa, Google, Siri, Home Kit, Cortana)",1
Front-end Design,1
Music Video,1
Three.js,1
Growth Hacking,1
Bioinformatics,1
DigitalOcean,1
Tiktok Ads,1
Amazon Kindle,1
Qualtrics Survey Platform,1
Alternative Investments,1
Model Tuning,1
Oil Painting,1
Google Docs,1
Cloud Networking,1
3D Rigging,1
Sound Effects,1
Bill of Materials (BOM) Optimization,1
Album Design,1
AI Art Creation,1
Interspire,1
CNC Programming,1
ComfyUI,1
AI Image-to-text,1
Annual Report Design,1
Competitor Analysis,1
NLP Tokenization,1
Malay Translator,1
Interiors,1
Imaging,1
Image Upscaling,1
AI-Generated Art,1
Workflow Consulting,1
Firewall,1
ClickFunnels,1
Amazon S3,1
Windows Mobile,1
Transfer Pricing,1
Hubspot Marketing,1
Fabric Printing Design,1
Event Staffing,1
Event Management,1
Supply Chain,1
Nest.js,1
Oracle Database,1
Comics,1
Sales Account Management,1
Legal Translation,1
Sticker Design,1
Litigation,1
Hybrid App,1
Instructional Design,1
eLearning Designer,1
Field Sales,1
Serbian Translator,1
Financial Sales,1
Apollo,1
Cloud Data,1
Bubble Developer,1
Roblox,1
Telecom Sales,1
Comedy Writing,1
Open Cart,1
vBulletin,1
Object Oriented Programming (OOP),1
Architectural Rendering,1
Angular 6,1
cURL,1
Legal Review,1
Tax Risk Management,1
LESS/Sass/SCSS,1
Google Systems,1
Circuit Board Layout,1
Public Relations,1
Prompt Writing,1
AI Model Development,1
Mechatronics,1
Very-large-scale integration (VLSI),1
API Development,1
Leadership Development,1
Lisp,1
Debugging,1
Billing,1
Cinema 4D,1
MMORPG,1
Glass / Mirror & Glazing,1
Carpentry,1
Crystal Reports,1
Templates,1
Czech Translator,1
Startups,1
Entrepreneurship,1
Greek Translator,1
GameMaker,1
Biology,1
Long Short-Term Memory Network,1
Channel Account Management,1
Photo Retouching,1
Magento 2,1
Robotics and Cognitive Automation,1
Mechanical Design,1
Background Removal,1
Adobe Creative Suite,1
GraphQL,1
Telugu Translator,1
Salesforce CPQ,1
Fortran,1
Salesforce Lightning,1
Facebook SDK,1
Facebook Development,1
vTiger,1
CorelDRAW,1
ISO9001,1
Core Consulting Skills,1
Consulting,1
Spring Security,1
Music Lesson,1
Guitar Lesson,1
AI Graphic Design,1
Active Directory,1
Firefox,1
Game Consoles,1
Financial Modeling,1
Home Organization,1
Project Planning,1
Docker Compose,1
Network Sales,1
Product Photography,1
Workday Payroll,1
Atlassian Jira,1
Construction Management,1
Architectural Engineering,1
Chrome OS,1
Management Consulting,1
